{"cameraMode":{"drawMode":0,"name":"Shaded","section":"Shading Mode"},"sceneLighting":true,"audioPlay":false,"sceneViewState":{"m_AlwaysRefresh":false,"showFog":true,"showSkybox":true,"showFlares":true,"showImageEffects":true,"showParticleSystems":true,"showVisualEffectGraphs":true,"m_FxEnabled":true},"in2DMode":false,"pivot":{"x":-0.6978764533996582,"y":2.4620532989501955,"z":-4.1160478591918949},"rotation":{"x":-0.34109845757484438,"y":-0.033272333443164828,"z":0.012073339894413948,"w":-0.9393708109855652},"size":8.091794967651368,"orthographic":false}