{"cameraMode":{"drawMode":0,"name":"Shaded","section":"Shading Mode"},"sceneLighting":true,"audioPlay":false,"sceneViewState":{"m_AlwaysRefresh":false,"showFog":true,"showSkybox":true,"showFlares":true,"showImageEffects":true,"showParticleSystems":true,"showVisualEffectGraphs":true,"m_FxEnabled":true},"in2DMode":false,"pivot":{"x":0.9066895842552185,"y":-5.199369430541992,"z":-3.230928421020508},"rotation":{"x":-0.42576271295547488,"y":0.00461167236790061,"z":-0.0021714260801672937,"w":-0.9048254489898682},"size":18.017148971557618,"orthographic":false}